Date,Positive,Negative,Neutral
2020-07-18,0.13550406667248657,0.31403317869020003,0.5504627355063955
2020-07-17,0.19465990418878695,0.40037498569452307,0.4049651171080768
2020-07-16,0.1980609027430033,0.429175667420953,0.37276343723488414
2020-07-15,0.2785945521266298,0.3372603649788392,0.3841450877669381
2020-07-14,0.2313137534401265,0.38591771123097524,0.3827685324899983
2020-07-13,0.21674249317935285,0.38140640210579424,0.4018511062159258
2020-07-12,0.15174404377567358,0.2094953728775526,0.6387605790434212
2020-07-11,0.18630177149963048,0.4348995637976461,0.3787986731363667
2020-07-10,0.23761425052918952,0.3367023285317384,0.42568341704706353
2020-07-09,0.18128172073549792,0.4790506475860728,0.33966762525960803
2020-07-08,0.21125209575002812,0.428685558948621,0.36006234137408705
2020-07-07,0.25455542012738686,0.42283379294806056,0.32261077910661695
2020-07-06,0.2583723208929102,0.35798279938598476,0.38364488198111457
2020-07-05,0.15211835959605102,0.18454331516063419,0.6633383265600122
2020-07-04,0.17314154113194458,0.38687428390538253,0.439984169823152
2020-07-03,0.2091945492332646,0.39797816968833405,0.39282727827473235
2020-07-02,0.27434964756400365,0.3683625279530964,0.35728782496374584
2020-07-01,0.22757621132312159,0.4280662259780893,0.34435756219660535
2020-06-30,0.15793654566562368,0.470333140322067,0.37173031355946434
2020-06-29,0.2350083688320017,0.3829923130824794,0.3819993106349383
2020-06-28,0.14561179762377457,0.4775413427611484,0.37684684224865017
2020-06-27,0.08929144822421574,0.4733660791910464,0.4373424616191656
2020-06-26,0.14369072557730211,0.4668494076359757,0.38945986640228086
2020-06-25,0.2160126742813736,0.39477093539200725,0.3892163896933198
2020-06-24,0.1497203875137003,0.4631656355175533,0.38711397671385817
2020-06-23,0.23063857448464142,0.356185276055402,0.4131761591740047
2020-06-22,0.183136889770959,0.34909142628957585,0.4677716835706246
2020-06-21,0.2506202657241374,0.18716017180122435,0.5622195899486542
2020-06-20,0.2564162432893433,0.3024543860334564,0.4411293677985668
2020-06-19,0.1943042812224191,0.3551277357726716,0.45056798036855
2020-06-18,0.2114126486429835,0.40813046867740066,0.3804568838163772
2020-06-17,0.269982839399285,0.38461694699423066,0.34540022055393665
2020-06-16,0.2276389772990999,0.37054335197102123,0.40181766506539635
2020-06-15,0.27033480041704716,0.3279035882913463,0.4017616095398331
2020-06-14,0.09669995544986291,0.26562678775834764,0.6376732447269288
2020-06-13,0.7523154417673746,0.02980970994879802,0.2178748150666555
2020-06-12,0.1482619222952053,0.46311955707444047,0.3886185262500393
2020-06-11,0.1645478842720548,0.4022953993482317,0.43315672088771107
2020-06-10,0.22998923378001,0.3808228032096107,0.38918796239485
2020-06-09,0.230521845367195,0.4458501765004067,0.3236279870981156
2020-06-08,0.21157164466925538,0.4147943281568587,0.37363402605152285
2020-06-07,0.24820976298568503,0.2747240046904023,0.47706624479698284
2020-06-06,0.1422473867257525,0.433563265650134,0.42418934867185143
2020-06-05,0.2613207904976748,0.3957356812639369,0.34294352982015835
2020-06-04,0.2375101097526827,0.38539137371533017,0.37709851266949307
2020-06-03,0.22294844123017457,0.42016698318292145,0.35688457345980923
2020-06-02,0.28231367205534086,0.26503005999220924,0.4526562646123362
2020-06-01,0.19827692103313488,0.3995854703308497,0.402137601786914
2020-05-31,0.14386865372459093,0.3047273613046855,0.5514039834961295
2020-05-30,0.16514223862601363,0.39960652986622375,0.4352512459230164
2020-05-29,0.17317719427028708,0.30093458926706923,0.5258882102355653
2020-05-28,0.20191461302249902,0.4538572400793313,0.34422815110414257
2020-05-27,0.26563960415493143,0.3563921007424079,0.3779682905209818
2020-05-26,0.27202888480678666,0.3415030318913826,0.38646809054383385
2020-05-25,0.26122626645321195,0.31303494349545374,0.42573878207159316
2020-05-24,0.2533341317709225,0.28855817683506757,0.45810768015993136
2020-05-23,0.15696600428782403,0.5269307345151901,0.316103246062994
2020-05-22,0.1692537672317295,0.5050219194546565,0.32572430049750345
2020-05-21,0.21190942087651868,0.3917284101786974,0.39636216669490465
2020-05-20,0.1913693024679412,0.4375586395509281,0.37107205471067234
2020-05-19,0.2193189651357025,0.3699623447032721,0.41071868354712077
2020-05-18,0.3033148078163239,0.25138820873742757,0.44529699344526635
2020-05-17,0.23045589909556188,0.39096954117329524,0.3785745676806463
2020-05-16,0.2836147705809428,0.24947556007940036,0.4669096657576469
2020-05-15,0.12927501637398475,0.49289236231256395,0.3778326276749853
2020-05-14,0.19027901280755072,0.4253660234821479,0.384354961910442
2020-05-13,0.25604455913530616,0.3535245707622025,0.3904308724194402
2020-05-12,0.16330337601370717,0.47137422547920754,0.3653224005805034
2020-05-11,0.16374678096867035,0.41656914009446544,0.41968408453145195
2020-05-10,0.23426875933738692,0.41038738542369435,0.35534385863159385
2020-05-09,0.10581323653459548,0.22792205773293972,0.6662647001445293
2020-05-08,0.2484698862648539,0.42634099021914507,0.32518912124777993
2020-05-07,0.24739818033480712,0.3525907004273735,0.40001112049402193
2020-05-06,0.3057280028363069,0.33044362245748443,0.36382836918036143
2020-05-05,0.18652471937481072,0.48613659729697295,0.3273386839148286
2020-05-04,0.19666374276173026,0.4133486126494758,0.3899876520530704
2020-05-03,0.2205637547497948,0.30199262621398604,0.4774436164750821
2020-05-02,0.11583915314878579,0.47180746285313807,0.41235338499838553
2020-05-01,0.15014412564778468,0.43445001912186854,0.41540585036273114
2020-04-30,0.1976570153179077,0.4417592670952717,0.3605837234306139
2020-04-29,0.22183210836245423,0.45681769482428786,0.32135019473632614
2020-04-28,0.2322199314625727,0.44253399312772135,0.3252460764215132
2020-04-27,0.2159172613684037,0.3638426366019739,0.4202400982277851
2020-04-26,0.09862180027149377,0.43659520162750154,0.464783008300489
2020-04-25,0.18924178167556724,0.2959730268921703,0.5147852087393403
2020-04-24,0.20259368866866473,0.4305564061932192,0.3668499029435144
2020-04-23,0.17466363806578547,0.4457148232149205,0.37962153955654365
2020-04-22,0.2251543268881071,0.45482714135728,0.320018534770986
2020-04-21,0.21562075907239267,0.41700290373581295,0.36737633203821524
2020-04-20,0.17690640130812035,0.434234233279269,0.38885936690937906
2020-04-19,0.11180621699000207,0.4062770387659279,0.4819167462320855
2020-04-18,0.192591768107377,0.3386793171521276,0.4687289106659591
2020-04-17,0.23086306624957975,0.31262049356580907,0.4565164381023145
2020-04-16,0.21108808158896863,0.46476994993057674,0.3241419755728342
2020-04-15,0.15376778595119475,0.48079790764548364,0.3654343084612441
2020-04-14,0.24334721130885414,0.4090000978459786,0.3476526856460829
2020-04-13,0.1722482607712026,0.4873791206386182,0.3403726213720518
2020-04-12,0.33281345618888736,0.3029968106653541,0.36418973272666333
2020-04-11,0.18117487998378853,0.465672287609308,0.3531528326772874
2020-04-10,0.2628707662003026,0.3104398857713455,0.4266893497357766
2020-04-09,0.21890532724977096,0.38952570968246625,0.3915689643820591
2020-04-08,0.2631545368892451,0.42784072037320586,0.30900473627261815
2020-04-07,0.21330010473779212,0.4243161967917256,0.3623836932270086
2020-04-06,0.1593623148555589,0.5214199532343486,0.3192177318375219
2020-04-05,0.0835547476474728,0.5118194898656968,0.40462574775197674
2020-04-04,0.053779578674584626,0.38852543886750934,0.5576949886977672
2020-04-03,0.18945225637657107,0.4516791726350256,0.3588685678278512
2020-04-02,0.15741045268064519,0.5091104501721646,0.3334790957971997
2020-04-01,0.14180280232983755,0.5009959503076971,0.3572012410022137
2020-03-31,0.1627824318026547,0.45856873138057713,0.37864883575357694
2020-03-30,0.15281797081671572,0.51718011889816,0.33000190576977945
2020-03-29,0.17062142276420042,0.2911263598272434,0.5382522198443229
2020-03-28,0.1520333408843726,0.361881077173166,0.4860855881124735
2020-03-27,0.16486398529902588,0.4579265739722941,0.3772094502403844
2020-03-26,0.19392529458439509,0.40349357803019564,0.40258112362685744
2020-03-25,0.22578589251387934,0.4127234353086437,0.36149067238394944
2020-03-24,0.18870309361123613,0.4612323382907376,0.3500645769645973
2020-03-23,0.1795734534597224,0.48883658161087495,0.3315899699809961
2020-03-22,0.12529871882870794,0.4488429361721501,0.4258583415765315
2020-03-21,0.18193587748747733,0.46665861804245246,0.3514055146111382
2020-03-20,0.15846709071488027,0.5525121858907522,0.28902072156451536
2020-03-19,0.16421893662499154,0.4676366584978121,0.36814440678366844
2020-03-18,0.14873330298738152,0.5106504314086017,0.34061626688230273
2020-03-17,0.15330911441132017,0.5353247643008266,0.3113661117290389
2020-03-16,0.13062512408220028,0.4953661910510918,0.37400868898907375
2020-03-15,0.09828975790754911,0.4953901030004342,0.40632014028093916
2020-03-14,0.12483851323750886,0.41088458709418774,0.4642768946730278
2020-03-13,0.13643790899415412,0.49657795954901246,0.36698412760761717
2020-03-12,0.18937766281981963,0.4966461021697732,0.3139762300057243
2020-03-11,0.14582295581284496,0.4579791257252779,0.39619792264851705
2020-03-10,0.19515802479601638,0.42507119589658865,0.37977077505724915
2020-03-09,0.1289637186621994,0.5102940576357974,0.3607422263809928
2020-03-08,0.1686227823833399,0.45286053540467314,0.3785166745497422
2020-03-07,0.1896497429789681,0.46675453256619603,0.34359573229755225
2020-03-06,0.21445459620940072,0.41918813586931364,0.3663572661282721
2020-03-05,0.18216483249808801,0.4786166994070465,0.3392184778972708
2020-03-04,0.22711295814665614,0.3530430419401067,0.4198440038217384
2020-03-03,0.22233391804338404,0.3714875445484814,0.40617853944951837
2020-03-02,0.20837533564649915,0.33368732533172557,0.45793734041875916
2020-03-01,0.15200138840203484,0.4077340878856679,0.44026453035573165
2020-02-29,0.08932021584361792,0.5708355042152107,0.33984428860247134
2020-02-28,0.17075957510099615,0.41222489784942357,0.417015516810039
2020-02-27,0.15650728293939642,0.5273976056297359,0.31609510568607796
2020-02-26,0.13996113506569105,0.46162203454424616,0.39841682149411795
2020-02-25,0.17428108721698096,0.38506168920392975,0.44065721572265715
2020-02-24,0.17477298729742566,0.34223952981380695,0.4829874791873571
2020-02-23,0.197665879316628,0.40545220822095873,0.39688190321127575
2020-02-22,0.20185118397431714,0.37982855143823796,0.4183202598776136
2020-02-21,0.24575355125679857,0.3192131549474739,0.43503329113480593
2020-02-20,0.23029890839779188,0.36301354435642086,0.406687557431204
2020-02-19,0.2535856128096172,0.3301715419806336,0.41624283997265443
2020-02-18,0.18722045187379666,0.44434543913091296,0.3684341101003672
2020-02-17,0.17353630664034023,0.40981426334215537,0.4166494194832113
2020-02-16,0.1562903831910455,0.268071643923494,0.5756379673539689
2020-02-15,0.22301126550883055,0.25421063823159784,0.5227780898567289
2020-02-14,0.2079713933337002,0.36955832017776674,0.4224702874914958
2020-02-13,0.2138855687862392,0.4113071109276525,0.37480731888912444
2020-02-12,0.20437800052479424,0.3731146278930293,0.42250737464376564
2020-02-11,0.27824292307425486,0.36158292245511947,0.3601741562107284
2020-02-10,0.23421417032300995,0.3187805665656924,0.44700526108668337
2020-02-09,0.14453674210556622,0.5023110046468932,0.3531522511279789
2020-02-08,0.25998569233343005,0.13448935828637332,0.6055249534547329
2020-02-07,0.20747845347763763,0.4205523262835211,0.3719692184796764
2020-02-06,0.24331947941174534,0.40062695752551897,0.3560535666195953
2020-02-05,0.15262097213417292,0.44189628675855974,0.4054827363126808
2020-02-04,0.2267807781800767,0.4501359742918165,0.32308324276704653
2020-02-03,0.1771555908469368,0.3745949745788115,0.4482494376072314
2020-02-02,0.2740158440752162,0.6150621576234698,0.11092199840479428
2020-02-01,0.11968121801813443,0.3013236861055096,0.5789950831482807
2020-01-31,0.11401804342848372,0.4684160617795193,0.4175658992157792
2020-01-30,0.15675084547211343,0.48223833120965326,0.36101082113320726
2020-01-29,0.23333752797726465,0.3667570543000285,0.3999054146721503
2020-01-28,0.22657890625091062,0.3651146489350746,0.40830644347394507
2020-01-27,0.20632052030931744,0.37025335350901717,0.42342613896148074
2020-01-26,0.16466686244194323,0.3782129242407301,0.4571202047025928
2020-01-25,0.12873759636034568,0.4731232757369677,0.39813911511252326
2020-01-24,0.20207177790192266,0.36239891787214823,0.4355293126155933
2020-01-23,0.21035179063179638,0.38140227170769386,0.4082459359603046
2020-01-22,0.2232222391582393,0.33838350643878273,0.4383942528785962
2020-01-21,0.20253071278810156,0.3324520014832879,0.4650172902661007
2020-01-20,0.18777480644972197,0.398509864362755,0.41371533219214707
2020-01-19,0.244251741686215,0.20711604417301716,0.548632221048077
2020-01-18,0.1457418882443259,0.36379274625020724,0.49046536240105826
2020-01-17,0.2740836983866757,0.3124720946652815,0.41344421554822475
2020-01-16,0.25240630629366334,0.2512540854395756,0.4963396189828651
2020-01-15,0.3009344702249909,0.2789207999089576,0.4201447372044246
2020-01-14,0.22664113886877085,0.3574503519339487,0.41590851073598734
2020-01-13,0.2124502626812142,0.3551189770329405,0.43243076604311215
2020-01-12,0.39895452341685694,0.18023397711416086,0.4208114929497242
2020-01-11,0.15092410147190094,0.49158889305745734,0.35748700232341374
2020-01-10,0.17241411032155157,0.37241126865578383,0.4551746207647599
2020-01-09,0.20691166855976917,0.2903501907955312,0.5027381406010439
2020-01-08,0.24181896747573267,0.3419025354735742,0.416278501100178
2020-01-07,0.18788035742651957,0.4402950970742565,0.37182455005554055
2020-01-06,0.24536138730963655,0.31957248600163296,0.4350661250452201
2020-01-05,0.13553162731615634,0.52611980214715,0.3383485695732565
2020-01-04,0.24614009654356372,0.25823360060652095,0.49562630657520557
2020-01-03,0.19675934609939466,0.3704642349467525,0.43277641793466964
2020-01-02,0.2830697183734646,0.26330496125178887,0.4536253169690277
2020-01-01,0.1408755799755454,0.6320054834708572,0.2271189445629716
2019-12-31,0.26302324628288093,0.24925640294836326,0.4877203493971716
2019-12-30,0.24847596962418822,0.25633608522928425,0.49518794171098207
2019-12-29,0.5464274287223816,0.01848342502489686,0.43508907966315746
2019-12-28,0.16662311866879465,0.38243034180253743,0.4509465445578098
2019-12-27,0.24411942260830025,0.29059562714476334,0.4652849538741927
2019-12-26,0.3382068272106923,0.2647519363687398,0.39704123435494226
2019-12-25,0.3649993288729872,0.12263603881001472,0.5123646296560764
2019-12-24,0.18780327412403292,0.4721044742812713,0.3400922417640686
2019-12-23,0.19016787809146157,0.3373081819706802,0.4725239379489321
2019-12-22,0.20963741379693665,0.32110626886373966,0.46925631415998115
2019-12-21,0.24724719315194166,0.37306639115111184,0.3796864260847752
2019-12-20,0.20407369412625065,0.3843168005490532,0.41160950273848496
2019-12-19,0.2877665467870732,0.29954097501169413,0.41269247364014006
2019-12-18,0.17462516272759163,0.3640150570947873,0.46135978425215735
2019-12-17,0.22913727367466147,0.3939580271218085,0.3769047125101541
2019-12-16,0.2363715378094965,0.33775494331076966,0.4258735168502847
2019-12-15,0.18119122384285385,0.3996571868827397,0.41915158300914546
2019-12-14,0.2659040436680828,0.2727525067116533,0.4613434439258916
2019-12-13,0.25479376879831156,0.37726752320925394,0.367938715480268
2019-12-12,0.22793622832745314,0.29275822730734946,0.47930554469426473
2019-12-11,0.25868332590234566,0.2759342543859349,0.46538241968366756
2019-12-10,0.1849325973149619,0.45708033719594465,0.35798707064011215
2019-12-09,0.17770845216434838,0.4092372687422295,0.41305427987184096
2019-12-08,0.2134262394050465,0.37214205548276796,0.41443170519436107
2019-12-07,0.275259543210268,0.47330306340008976,0.2514374112710357
2019-12-06,0.32998129185289143,0.23338754524787267,0.43663115982587136
2019-12-05,0.21720950460682312,0.3865125633199655,0.39627793546588647
2019-12-04,0.17458650330719475,0.34885801378739617,0.4765554869751612
2019-12-03,0.2083140978269199,0.36864816326828254,0.4230377295565221
2019-12-02,0.19035058628235543,0.37461878314082114,0.4350306264923087
2019-12-01,0.26156149790794764,0.2776728743618285,0.4607656171062478
2019-11-30,0.21160516515374184,0.3885026404634118,0.3998921997845173
2019-11-29,0.1685883983401424,0.37725111393857813,0.45416049169913186
2019-11-28,0.1740408716723323,0.39392971557036444,0.4320294136131132
2019-11-27,0.2847647522203624,0.25799327094107866,0.45724198382347825
2019-11-26,0.23632542872801424,0.30358642279170456,0.4600881368187921
2019-11-25,0.30862526689874537,0.23250912235658847,0.4588656138030835
2019-11-24,0.14465223321871412,0.2466763050986394,0.6086714577170149
2019-11-23,0.2745084809139371,0.30880704037845136,0.4166844680905342
2019-11-22,0.16878767090965993,0.379654583777301,0.45155774054583164
2019-11-21,0.2053680625437509,0.376849855818763,0.4177820877308344
2019-11-20,0.23992129067040008,0.338760491075885,0.4213182168810264
2019-11-19,0.2314162275671393,0.30573182376808944,0.46285194514578654
2019-11-18,0.18694762985517338,0.37984354101212287,0.43320882872383043
2019-11-17,0.1512405628959338,0.30487807396178446,0.5438813468441367
2019-11-16,0.33219373039901257,0.1409896241966635,0.5268166810274124
2019-11-15,0.19388455770676954,0.31854739150730893,0.48756804630393163
2019-11-14,0.2425962045609233,0.3708373703264508,0.38656643448195543
2019-11-13,0.1515017540707272,0.3578235570540918,0.49067468227514505
2019-11-12,0.25166100605080527,0.40106104926742386,0.3472779485481707
2019-11-11,0.19073014260668839,0.2927538899438722,0.5165159689794694
2019-11-10,0.13376621676057024,0.25092063033608375,0.6153131599227587
2019-11-09,0.38980506857236225,0.2150231652582685,0.3951717751721541
2019-11-08,0.22318131502285815,0.34387644709668297,0.43294224304997403
2019-11-07,0.2261597359342114,0.3996115612867728,0.37422870726869356
2019-11-06,0.21363356808557155,0.34429521702150717,0.4420712183804271
2019-11-05,0.21810279101547267,0.33000824245520766,0.45188896720194155
2019-11-04,0.2120865194486793,0.3279812761518935,0.4599322090348737
2019-11-03,0.16673926897801278,0.2554707804740202,0.5777899500255178
2019-11-02,0.16752365125077112,0.45148949710918324,0.3809868613524096
2019-11-01,0.2749525928417238,0.2844827352962065,0.44056467360285956
2019-10-31,0.24714247359707953,0.4351755615435541,0.3176819685101509
2019-10-30,0.20245593756787542,0.32647615189576507,0.4710679112209214
2019-10-29,0.2489828764748304,0.31574704413341875,0.4352700837610408
2019-10-28,0.3047296889929165,0.29930367455657186,0.3959666359848503
2019-10-27,0.1408229838458023,0.38492009955059203,0.474256914641176
2019-10-26,0.27046497724950314,0.28268997138366103,0.4468450713902712
2019-10-25,0.21051815716843855,0.34328782112386663,0.446194024736944
2019-10-24,0.25230546126414727,0.39128767261735914,0.3564068604624126
2019-10-23,0.21542636949069252,0.41935229987451217,0.3652213254670908
2019-10-22,0.21563462416885332,0.39571328728925437,0.3886521008930036
2019-10-21,0.17971461458364502,0.40368264035350876,0.41660273863817565
2019-10-20,0.21646033498109318,0.28844389592995867,0.49509577272692695
2019-10-19,0.34137242452965844,0.1338863509396712,0.5247412158383263
2019-10-18,0.17992995233288495,0.4264465349766871,0.3936235165844361
2019-10-17,0.19705327997422395,0.4067016776048524,0.39624504276058253
2019-10-16,0.1833038223093918,0.4422233622532951,0.3744728150482796
2019-10-15,0.22045092499600008,0.40367192161293364,0.3758771589790017
2019-10-14,0.2015055469155573,0.28065777236693784,0.5178366795901144
2019-10-13,0.23674010744111407,0.3624339052648456,0.4008259969866938
2019-10-12,0.2604125736711117,0.3004484265111387,0.43913899863568634
2019-10-11,0.24252154084942526,0.30803975386412014,0.44943871116265655
2019-10-10,0.2657614207944308,0.3295806411803625,0.40465794777733155
2019-10-09,0.2054372782078691,0.3595551057861975,0.4350076127224244
2019-10-08,0.15378964507299198,0.4639267393617661,0.3822836251324647
2019-10-07,0.20330563185993453,0.45649263277200275,0.34020173193180353
2019-10-06,0.10005545208696276,0.2870947213765855,0.6128498259931803
2019-10-05,0.11318332236260176,0.48449207097291946,0.4023245912976563
2019-10-04,0.21550977861585274,0.38116009727324524,0.403330117425792
2019-10-03,0.2210022270350772,0.3707983644569621,0.40819940650287795
2019-10-02,0.13924699226343953,0.4140022615021145,0.44675075503166867
2019-10-01,0.15447616958450797,0.4724694664144646,0.37305436072790105
2019-09-30,0.20193232575399897,0.40224632818914824,0.3958213459700346
2019-09-29,0.17611216524216747,0.3103651376773736,0.5135226974130741
2019-09-28,0.14812716890126468,0.2566155748441815,0.5952572524547577
2019-09-27,0.17815893568480626,0.382796041530151,0.4390450259790016
2019-09-26,0.18828324956052445,0.3910590847954154,0.4206576728864628
2019-09-25,0.1864423859936731,0.3195903384576327,0.49396727640374466
2019-09-24,0.13586402792103028,0.43685948768610594,0.42727648568970544
2019-09-23,0.15515934941504383,0.3526162463131186,0.4922244046756532
2019-09-22,0.1687751525793882,0.2543960844495279,0.576828769134248
2019-09-21,0.16500144079327583,0.4946426196023822,0.34035593569278716
2019-09-20,0.21243171080401757,0.35994719982533374,0.42762108867215676
2019-09-19,0.23697177974835915,0.27392712352139986,0.48910109324052053
2019-09-18,0.18319666169913887,0.36785740953504664,0.4489459276812363
2019-09-17,0.1335351161037882,0.3359188716016,0.5305460136206377
2019-09-16,0.19955399229951287,0.36721828901048365,0.43322772205132865
2019-09-15,0.19602075283630535,0.470019174238237,0.33396007794027144
2019-09-14,0.15796457174500184,0.21835869788524828,0.6236767283906894
2019-09-13,0.19793519891266312,0.33549339973500797,0.46657141628009935
2019-09-12,0.22710903182726455,0.3491336026749163,0.4237573687406676
2019-09-11,0.19454829776400906,0.359207467499396,0.44624423230480814
2019-09-10,0.18039670435017816,0.36425022547151525,0.4553530739218581
2019-09-09,0.18279288733111962,0.383971473807469,0.43323564287275074
2019-09-08,0.049593987253805004,0.5341327443408469,0.41627325241764385
2019-09-07,0.25782558910548686,0.3217163148894906,0.420458078943193
2019-09-06,0.23283282483651027,0.40858654582218545,0.3585806339475754
2019-09-05,0.22678260201226091,0.2617626516407149,0.5114547476793329
2019-09-04,0.2492469053771069,0.43979075731042383,0.3109623372221171
2019-09-03,0.11710589071453521,0.4545473617670888,0.42834674719382415
2019-09-02,0.20169915291998122,0.3874340436628295,0.4108668075253566
2019-09-01,0.20309915887596813,0.2218084605410695,0.5750923864543438
2019-08-31,0.05023253992355118,0.5141917658038437,0.4355756984247516
2019-08-30,0.17205854535919346,0.39218714205573685,0.43575430912769414
2019-08-29,0.21671652376938325,0.3396293667718195,0.4436541051675494
2019-08-28,0.2225477249311233,0.28085287911439866,0.49659940804279334
2019-08-27,0.20546689548570177,0.38036232786523044,0.4141707781135388
2019-08-26,0.24178457745061865,0.20237775723417772,0.5558376564676392
2019-08-25,0.1651411958038807,0.44135260560682843,0.3935062066784927
2019-08-24,0.2067801348865032,0.4397305607795715,0.3534892976284027
2019-08-23,0.15167232680167736,0.41888460870333283,0.4294430636301903
2019-08-22,0.1314365293330221,0.3602537491789727,0.508309724448777
2019-08-21,0.3021533714403232,0.36266444652175456,0.3351821740196176
2019-08-20,0.1505521861060212,0.4063441030318952,0.44310371862310505
2019-08-19,0.2387601494602859,0.37827902341261505,0.3829608315229416
2019-08-18,0.3312239833176136,0.038710291807850204,0.6300657788912455
2019-08-17,0.1335524636562224,0.3204825595021248,0.545964984982102
2019-08-16,0.2147433619158199,0.4212251540201788,0.36403147915664774
2019-08-15,0.3257862680444592,0.3396627771864204,0.33455097096923153
2019-08-14,0.21625127358305635,0.3234254856890237,0.4603232364029144
2019-08-13,0.1830345746824768,0.3196795778349042,0.49728584361832534
2019-08-12,0.1859961771007095,0.3191905480476895,0.49481327582948975
2019-08-11,0.1071567633189261,0.5233825434198869,0.3694607018759208
2019-08-10,0.12168413028120995,0.6315037148694197,0.2468122293551763
2019-08-09,0.1555877149760447,0.47976448316196046,0.36464780372463995
2019-08-08,0.2410849741239461,0.4098101330530499,0.34910489564701436
2019-08-07,0.3058083444531705,0.31890749786602884,0.3752841573535792
2019-08-06,0.1730876327005785,0.3499683435978507,0.4769440222698361
2019-08-05,0.1904490676653736,0.4050442398772301,0.4045066906084471
2019-08-04,0.29984845931176096,0.23936491263365106,0.46078663053257124
2019-08-03,0.18721650082331437,0.3877518674215445,0.4250316250209625
2019-08-02,0.16797989387722576,0.3854199368689282,0.4466001754991856
2019-08-01,0.21141843062716428,0.4620308477414755,0.326550727601054
2019-07-31,0.2270454322152278,0.3956129116718383,0.37734165389967317
2019-07-30,0.2674283768577748,0.3957727671297918,0.33679885816681815
2019-07-29,0.26971529718091497,0.3109709439554908,0.41931375473371296
2019-07-28,0.19355971665809985,0.26840345521012077,0.5380368303993474
2019-07-27,0.12303497994318605,0.369946421533823,0.5070186036080122
2019-07-26,0.3677252458456235,0.24772926842650542,0.38454548441446745
2019-07-25,0.2609889290385669,0.3869843170677702,0.35202675587147153
2019-07-24,0.21013517657827055,0.3958354909771255,0.3940293301961252
2019-07-23,0.32361759093370945,0.28893609568887557,0.3874463118777117
2019-07-22,0.2617273765359202,0.3318269944203825,0.40644563798760547
2019-07-21,0.02141362987458706,0.7523943185806274,0.2261921465396881
2019-07-20,0.16787575697526336,0.39089209819212556,0.44123213924467564
2019-07-19,0.20820379318735963,0.31559881676054957,0.4761973851959088
2019-07-18,0.27573246409717417,0.35401654302009516,0.37025099104004244
2019-07-17,0.16498220575697445,0.5004554716007853,0.33456233357665716
2019-07-16,0.25630150329417145,0.41494310920078975,0.3287553850036019
2019-07-15,0.23592522530151264,0.3812968435231596,0.3827779248090727
2019-07-14,0.11193181038834155,0.4059737375937402,0.48209446761757135
2019-07-13,0.11535270253873685,0.38722423409027135,0.4974230676042763
2019-07-12,0.2920715852481563,0.40867268180520067,0.2992557304479727
2019-07-11,0.19449420717530072,0.3786120116119347,0.42689377949055696
2019-07-10,0.2493521068592681,0.3207196058399642,0.42992828947617046
2019-07-09,0.22044858677006923,0.3393307402243476,0.4402206697737548
2019-07-08,0.1595453746772061,0.3724033922733118,0.468051235533009
2019-07-07,0.14422037950235195,0.44335666196099643,0.41242293942848157
2019-07-06,0.2017184173067411,0.07193150743842125,0.7263501187165579
2019-07-05,0.15375105163776406,0.43444370724918213,0.41180525033497345
2019-07-04,0.18793022842146456,0.4449344063526951,0.3671353656798601
2019-07-03,0.13148990657893903,0.44669946538720356,0.42181063316603923
2019-07-02,0.23452169507908732,0.29080391010797735,0.47467439659217847
2019-07-01,0.24740501436463092,0.307642688654596,0.4449522949871607
2019-06-30,0.331958868385603,0.2034284674252073,0.464612675520281
2019-06-29,0.2886664224310945,0.3114969919149119,0.39983659089566803
2019-06-28,0.29247808832161387,0.23127809889486123,0.47624380864074517
2019-06-27,0.22467634920030832,0.3375597966008518,0.43776385869148754
2019-06-26,0.2045518599121218,0.41211165740472694,0.38333648476159066
2019-06-25,0.22764682662902308,0.304126279512573,0.4682268993471001
2019-06-24,0.12523224974672,0.41201577784183124,0.4627519781856487
2019-06-23,0.16033911215210403,0.27546165103989617,0.5641992380497632
2019-06-22,0.15045458397694997,0.19199534545519523,0.6575500518083572
2019-06-21,0.20861940138098417,0.3501518577986369,0.4412287512060368
2019-06-20,0.2484467354903029,0.32244368036419657,0.4291095852662446
2019-06-19,0.24248936257268094,0.23847829638885296,0.5190323415611472
2019-06-18,0.2782192776568842,0.2759852353340889,0.4457954890759928
2019-06-17,0.30082430684029365,0.2836210377471045,0.41555465714529505
2019-06-16,0.11811732905435152,0.40659881986934565,0.47528386565631836
2019-06-15,0.0646686761174351,0.4253660935210064,0.5099652311764657
2019-06-14,0.18020567248547167,0.36585834756437124,0.45393598979959887
2019-06-13,0.21874748337503575,0.39251419016453504,0.3887383294074911
2019-06-12,0.20457853625994177,0.3240904949605465,0.4713309634942561
2019-06-11,0.1880081422654364,0.39459107988103126,0.41740077572381673
2019-06-10,0.20259697687467687,0.34061767322917097,0.45678535198205955
2019-06-09,0.1527509261853993,0.3349251381845938,0.5123239317701922
2019-06-08,0.2000474235152497,0.3148383966044468,0.4851141848108348
2019-06-07,0.21450429622083902,0.37520384733875595,0.4102918504675229
2019-06-06,0.22569350578123704,0.352250367612578,0.4220561290625483
2019-06-05,0.17099582466456775,0.33807461189971577,0.4909295618270684
2019-06-04,0.1636569964754231,0.3781386735575164,0.4582043291453053
2019-06-03,0.17675220939020317,0.3749749333349367,0.44827285115917526
2019-06-02,0.1822784399223882,0.3094074784149957,0.5083140793667976
2019-06-01,0.2252045011680041,0.34541212507922736,0.429383392312697
2019-05-31,0.14525405038148165,0.4121156274948431,0.4426303199775841
2019-05-30,0.20827018101151815,0.4208375602508621,0.370892260579721
2019-05-29,0.18631769337155152,0.3003489379488835,0.5133333803352081
2019-05-28,0.20632886331385145,0.3003814558749302,0.49328967556357384
2019-05-27,0.2979676493861038,0.17818659743101434,0.5238457534076839
2019-05-26,0.15947434082627296,0.2239344897121191,0.6165911680459977
2019-05-25,0.15479384921491146,0.3909305987807994,0.4542755480282582
2019-05-24,0.17482684473507107,0.4845068305109938,0.34066632129251956
2019-05-23,0.1645845061055187,0.3818322023273342,0.4535832918258478
2019-05-22,0.19292992817921728,0.38555203623998957,0.4215180399721559
2019-05-21,0.24187623393029356,0.4026859909272156,0.35543777325596565
2019-05-20,0.09221617224102374,0.4179952817794401,0.4897885433747433
2019-05-19,0.14464547054376453,0.31517812741609913,0.5401764083653688
2019-05-18,0.2250891575175855,0.3141434059167902,0.4607674247688717
2019-05-17,0.1811311090058541,0.4543543046552546,0.36451458597343556
2019-05-16,0.1843295683483443,0.32793835471935007,0.48773207369270505
2019-05-15,0.23199399313889443,0.2958494741702452,0.47215653260936963
2019-05-14,0.2241996595276946,0.3394303527514798,0.4363699918388423
2019-05-13,0.19803654398111736,0.36139794614385157,0.4405655112336664
2019-05-12,0.10868893776621137,0.2371949070532407,0.6541161494595664
2019-05-11,0.17281361483037472,0.28218319662846625,0.5450031789951026
2019-05-10,0.22218838079100095,0.33188152858010916,0.44593009462996014
2019-05-09,0.2272630020648845,0.31197282072861454,0.4607641644826209
2019-05-08,0.2591343608452007,0.316818178165704,0.4240474610356614
2019-05-07,0.21487542588072708,0.33554079241525286,0.4495837827069828
2019-05-06,0.17467189225825971,0.3527705137759952,0.47255758852776836
2019-05-05,0.0930493072503143,0.2903084832554062,0.6166421940757169
2019-05-04,0.136531219093336,0.44311963242513164,0.4203491309588706
2019-05-03,0.2692056143656373,0.3809996815863997,0.34979469639559585
2019-05-02,0.1619126023933961,0.33744459000698634,0.5006428068985095
2019-05-01,0.2965120781366139,0.29551059662122026,0.40797732160618044
2019-04-30,0.25720822500509466,0.4201806948456744,0.3226110869595273
2019-04-29,0.24480930284242813,0.37108506260990676,0.3841056380630799
2019-04-28,0.1558409297705761,0.43245164415399945,0.4117074352822134
2019-04-27,0.25632780250161885,0.20110887363553048,0.5425633430480957
2019-04-26,0.2168662135895246,0.3602234829599277,0.42291029576116645
2019-04-25,0.21480387460906059,0.375363425691224,0.40983270448244485
2019-04-24,0.23998612248779913,0.366264746046478,0.3937491315269941
2019-04-23,0.2684480668778749,0.3336097820751131,0.39794214851559795
2019-04-22,0.2455063585875905,0.31855873127642553,0.43593490429339
2019-04-21,0.03803114593029022,0.701763927936554,0.2602050006389618
2019-04-20,0.14706362674579673,0.33793390169739723,0.5150024653614863
2019-04-19,0.17712245846632868,0.29257196112303063,0.5303055980475619
2019-04-18,0.2937340284924863,0.30352371134340944,0.4027422584093562
2019-04-17,0.29781958666474867,0.3229274632855474,0.37925294938031584
2019-04-16,0.29947831583294,0.29501689791002056,0.40550478717142885
2019-04-15,0.2027784319318555,0.3707584371376369,0.4264631295737661
2019-04-14,0.16756661740484938,0.31367137125725375,0.5187620112094385
2019-04-13,0.24678548518568277,0.5037542791529135,0.24946024929257957
2019-04-12,0.2705671130462961,0.24097146392193472,0.48846142602607956
2019-04-11,0.17519185470328444,0.33185142958315,0.4929567148598532
2019-04-10,0.21995116819699223,0.37280633663758633,0.407242492844279
2019-04-09,0.17684727454325183,0.41758945101173595,0.4055632799398154
2019-04-08,0.19505161171595395,0.3674343074671924,0.4375140732023078
2019-04-07,0.1719576616681391,0.32045558103991134,0.5075867480688518
2019-04-06,0.13937913957569334,0.3394267884497013,0.5211940589878294
2019-04-05,0.22595307158804695,0.40934531391978685,0.36470161088493086
2019-04-04,0.21707390826195477,0.3680797951953376,0.414846300180344
2019-04-03,0.201541892683093,0.2981441105999377,0.500313994039417
2019-04-02,0.21332747897892995,0.3792514653177932,0.40742106964860697
2019-04-01,0.22839017527607772,0.33852400071918964,0.43308582429129344
2019-03-31,0.1463622265561883,0.4755881358869374,0.37804962548294235
2019-03-30,0.1963110025972128,0.3823243190223972,0.4213646886249383
2019-03-29,0.2842832395496468,0.3096379240547928,0.40607884120092624
2019-03-28,0.1415888552566047,0.42078537707422653,0.43762576359916816
2019-03-27,0.16874886827396327,0.377772055321226,0.4534790700448579
2019-03-26,0.237539632048677,0.2583485911545508,0.5041117776842678
2019-03-25,0.18370612057495034,0.321066591836926,0.49522729640981805
2019-03-24,0.13241195893631533,0.49904082432532537,0.3685472162010578
2019-03-23,0.16725157969631255,0.2817595644155517,0.5509888371452689
2019-03-22,0.18072738577253544,0.3852735672575923,0.4339990518175257
2019-03-21,0.2156302081234753,0.3423551178413133,0.44201467966039976
2019-03-20,0.1627634715398445,0.35100002838846517,0.48623650170424404
2019-03-19,0.16011695662485576,0.4391255472689422,0.4007574958698963
2019-03-18,0.16263384643522366,0.2566119761560375,0.5807541810290914
2019-03-17,0.23821818240379034,0.18325586680715023,0.5785259331919645
2019-03-16,0.128503720179714,0.41876994240386733,0.45272634255475014
2019-03-15,0.17404093654429326,0.36665989446346875,0.45929916728226866
2019-03-14,0.226618641639285,0.3839990932964415,0.3893822605469238
2019-03-13,0.13843767409983637,0.40663305314755516,0.45492927016337115
2019-03-12,0.17191991302253748,0.38286729984813267,0.4452127908891136
2019-03-11,0.18534073824355124,0.3109552273526788,0.5037040346229047
2019-03-10,0.12772796974916542,0.19942029159782187,0.6728517607386623
2019-03-09,0.10068967116290126,0.38322191515230924,0.5160884099916138
2019-03-08,0.15686808895658363,0.4464469847862016,0.39668492906811564
2019-03-07,0.2540000547010165,0.35882293418622935,0.3871770098518867
2019-03-06,0.17708638627883247,0.37343059050580185,0.4494830123699641
2019-03-05,0.20151259480162134,0.3426528437169198,0.45583456665088856
2019-03-04,0.20952253406202154,0.3444596159637773,0.4460178507724777
2019-03-03,0.19543504180824933,0.36530748724608736,0.4392574815736974
2019-03-02,0.2755847141767542,0.42253569699823856,0.3018795810639858
2019-03-01,0.14820127352140844,0.38384958528178303,0.4679491468460152
2019-02-28,0.22180574316621185,0.3891238858025656,0.3890703696959529
2019-02-27,0.2788677968452742,0.3021965006619324,0.41893570087160226
2019-02-26,0.19988685243038667,0.4039831151927097,0.39613003295121924
2019-02-25,0.18970432487391942,0.3577031180375835,0.4525925531933034
2019-02-24,0.23955693891779942,0.3102299796530243,0.4502130856906826
2019-02-23,0.2077597124901201,0.33853455622946577,0.45370573537158115
2019-02-22,0.19627627778629012,0.29622823618860405,0.5074954903261228
2019-02-21,0.2098663927193869,0.3952677010754008,0.3948659067168648
2019-02-20,0.19126340957383994,0.40194763719065957,0.4067889418299884
2019-02-19,0.19271466223567368,0.40245134811404915,0.40483398551476146
2019-02-18,0.22289862810961297,0.25925739478269544,0.5178439877423886
2019-02-17,0.19651012364085074,0.33005014710404257,0.47343972601272444
2019-02-16,0.1406915169209242,0.21137546204651395,0.6479330385724703
2019-02-15,0.21119833148923922,0.3793693882309728,0.40943227650850644
2019-02-14,0.13668425952394803,0.43613255788675614,0.42718317890539764
2019-02-13,0.27449939733273104,0.3126119901573187,0.41288860736316757
2019-02-12,0.2608523205286119,0.301126235051126,0.43802144105841473
2019-02-11,0.20139790635745405,0.3706178629881371,0.42798422999932606
2019-02-10,0.08500821081300576,0.5239134060425891,0.3910783843861686
2019-02-09,0.10968362778425217,0.37996265791356565,0.5103537178784608
2019-02-08,0.13979410560974895,0.39792718922416137,0.46227871295237954
2019-02-07,0.15711584617912938,0.45061963699250057,0.3922645188656382
2019-02-06,0.3278627463538821,0.3202356386334739,0.3519016190742453
2019-02-05,0.2293402116994063,0.3247730602820714,0.44588673375546933
2019-02-04,0.21814686026781388,0.2974040523707254,0.4844490803829203
2019-02-03,0.13515251883390275,0.3948095869696276,0.47003788162361493
2019-02-02,0.14891662324468294,0.3611487131565809,0.48993467291196185
2019-02-01,0.2820453768979539,0.310028551324435,0.4079260795431979
2019-01-31,0.24130804749189788,0.4284889898183318,0.3302029656309985
2019-01-30,0.250296645403768,0.34281870974705386,0.40688464822820747
2019-01-29,0.2149717728548412,0.4085159566654246,0.3765122688175002
2019-01-28,0.17472297407604837,0.4205530820680516,0.40472395366037284
2019-01-27,0.06650197695664785,0.5122922942801206,0.4212057121373989
2019-01-26,0.18188453736630353,0.33166812000457535,0.48644735579463566
2019-01-25,0.22665187278641508,0.36072967436720993,0.4126184544731657
2019-01-24,0.2309730565710657,0.3117354136634746,0.45729153222222435
2019-01-23,0.17653222831690477,0.3586684619852652,0.46479931726223894
2019-01-22,0.19296502586182082,0.33836546244120663,0.4686695109592395
2019-01-21,0.18423778057035248,0.387579932066975,0.4281822802593647
2019-01-20,0.2255909582378254,0.32564618272174684,0.4487628548716505
2019-01-19,0.21227984818896012,0.23014078395707266,0.5575793729429799
2019-01-18,0.1668864621821305,0.4683994810245391,0.36471405212322006
2019-01-17,0.15819257666667302,0.39686206705868243,0.4449453461915255
2019-01-16,0.22174232391019663,0.4043973773980561,0.3738602899397031
2019-01-15,0.2609882819203612,0.33498877761527324,0.4040229413897181
2019-01-14,0.2330357275616664,0.3564861060621647,0.4104781765777331
2019-01-13,0.17442908605028476,0.4009236064606479,0.4246472987213305
2019-01-12,0.21585539045433202,0.3788208918025096,0.40532368918259937
2019-01-11,0.17479542212892477,0.42404464639927425,0.40115993268379607
2019-01-10,0.20155257326809484,0.474049681202612,0.3243977497676732
2019-01-09,0.21509448988237292,0.313531213125365,0.47137430139087344
2019-01-08,0.31189470855519175,0.39229024515487254,0.2958150421269238
2019-01-07,0.2393152459214131,0.3200715439316506,0.4406132140817742
2019-01-06,0.161913627827609,0.35028204630577453,0.487804321848132
2019-01-05,0.04618889403839906,0.266989778727293,0.686821311712265
2019-01-04,0.14464845675073804,0.37794729930558996,0.4774042367634754
2019-01-03,0.17502867293961602,0.5241658564592744,0.300805468545777
2019-01-02,0.21639847389253025,0.44551178721965035,0.33808973524719477
2019-01-01,0.06607506949997817,0.5328175329680865,0.4011073890142143
2018-12-31,0.20547014977782965,0.47174973487854005,0.3227801306794087
2018-12-30,0.20076755538582802,0.2824911667779088,0.5167412881553173
2018-12-29,0.6982516050338745,0.14441700279712677,0.15733134746551514
2018-12-28,0.15332115494779178,0.3798409320768856,0.4668379122657435
2018-12-27,0.22409413240688003,0.4086024931874936,0.3673033680280913
2018-12-26,0.23602661909535527,0.4431561556411907,0.3208172250694285
2018-12-25,0.2404906124306413,0.44491982608675384,0.3145895701331588
2018-12-24,0.16144528308589207,0.4815494939684868,0.35700523186671107
2018-12-23,0.12889794112536415,0.456830614021626,0.4142714528174236
2018-12-22,0.17704786049822965,0.3473421636347969,0.47561001115375096
2018-12-21,0.1677948144976707,0.43473103369914873,0.3974741610479267
2018-12-20,0.21263273610551467,0.4043079698244217,0.3830592980843851
2018-12-19,0.19806920166459235,0.3774050604712603,0.42452573966791574
2018-12-18,0.17136073591116863,0.4690614458692225,0.3595778196578539
2018-12-17,0.13874322302978148,0.4789412510299096,0.3823155281275059
2018-12-16,0.13807613588869572,0.22937352706988653,0.6325503269003497
2018-12-15,0.48547329660505056,0.01767317671328783,0.4968535378575325
2018-12-14,0.23123387432409614,0.3519997113513984,0.4167664168709064
2018-12-13,0.1915236379194539,0.3994083164958283,0.40906804555561393
2018-12-12,0.21952642094917021,0.35523126928422316,0.42524231729599143
2018-12-11,0.17348437967695415,0.4475610038295152,0.3789546073429168
2018-12-10,0.1153583182373418,0.4487526285690519,0.43588906400046257
2018-12-09,0.12105008821734893,0.4227426081031029,0.4562072936844613
2018-12-08,0.05708192090969533,0.4422962754033506,0.5006218052003533
2018-12-07,0.1418313608583377,0.39462479655574784,0.46354384125625514
2018-12-06,0.19377484985728974,0.40595376008667616,0.40027139572223197
2018-12-05,0.20747088398421545,0.38068541348609447,0.41184370113270624
2018-12-04,0.23787388633936643,0.3456399747280075,0.4164861435399336
2018-12-03,0.16164058344438673,0.3819659753004089,0.4563934385543689
2018-12-02,0.2473898587579077,0.1463266589086164,0.6062834716655991
2018-12-01,0.1718640905828812,0.26252910950913644,0.5656067918604001
2018-11-30,0.2531507543104073,0.320342255431379,0.42650698343031973
2018-11-29,0.22009732118100825,0.3333739302603595,0.4465287487325539
2018-11-28,0.18983433587120824,0.46137054243616843,0.3487951239215189
2018-11-27,0.19226859662343154,0.3747355901309616,0.43299581519291774
2018-11-26,0.18851281096382688,0.3350113956412921,0.4764757801157733
2018-11-25,0.17003970153746195,0.28752700111363083,0.5424332945258357
2018-11-24,0.3525652550160885,0.27204927305380505,0.37538545330365497
2018-11-23,0.13563212013936468,0.4315055542642118,0.4328623260704002
2018-11-22,0.12726283276167052,0.4308087021399003,0.4419284610937421
2018-11-21,0.15803833792017677,0.48098617301212027,0.3609754818854696
2018-11-20,0.1702394180259184,0.3896254388191089,0.44013513747272615
2018-11-19,0.17058285039716534,0.34411401468484354,0.4853031318413005
2018-11-18,0.1421421279485982,0.3791208709590137,0.47873699622085464
2018-11-17,0.18623563274741173,0.27111817826516926,0.5426461547613144
2018-11-16,0.16416239850223063,0.32333714769532285,0.5125004513965299
2018-11-15,0.18864124941341964,0.413757008620413,0.39760174371839796
2018-11-14,0.13787047793739476,0.4177912016108166,0.44433832180220634
2018-11-13,0.1802719008992426,0.4069996731963733,0.41272841176639
2018-11-12,0.14042473608558928,0.3428359638934058,0.516739302004377
2018-11-11,0.11174326167545384,0.3968689846633761,0.49138774502056615
2018-11-10,0.04957209496448437,0.3228148836642504,0.6276130514840285
2018-11-09,0.15377041153260507,0.39685420668683946,0.449375376367243
2018-11-08,0.22926962143800994,0.3592149975134971,0.41151537496517315
2018-11-07,0.2411571605525051,0.35294389410410076,0.4058989517820569
2018-11-06,0.2626907512054054,0.36188731154996073,0.37542192368871635
2018-11-05,0.2012006694323976,0.3343486952087419,0.4644506385719234
2018-11-04,0.13769290498457848,0.18228069450706244,0.6800263900309801
2018-11-03,0.17142032890114933,0.4470191109770288,0.3815605565905571
2018-11-02,0.29333305492940726,0.3452105208328276,0.36145642227634334
2018-11-01,0.20789514106905294,0.309176635378713,0.4829282235716366
2018-10-31,0.18928213122893464,0.4159214491024613,0.39479642469774595
2018-10-30,0.27507100016601493,0.3662139776287906,0.3587150301839878
2018-10-29,0.1990515025673618,0.3067612070983774,0.4941872896390482
2018-10-28,0.22624081704765558,0.25638407688587905,0.5173751006275416
2018-10-27,0.06788928527384996,0.6925563514232635,0.2395542822778225
2018-10-26,0.16763131760446162,0.3649969126804379,0.4673717740345104
2018-10-25,0.23627454108652582,0.40550319113076555,0.3582222728622616
2018-10-24,0.17018778836354614,0.4704811031173449,0.3593311116565019
2018-10-23,0.23186583269206393,0.30782072061103666,0.4603134494326595
2018-10-22,0.22582624678409868,0.348519453215563,0.4256543075034936
2018-10-21,0.12055747042377961,0.4301228094043146,0.4493197189836666
2018-10-20,0.048177468279997505,0.25338411921014387,0.6984384258588155
2018-10-19,0.22275341591140366,0.328209167401142,0.44903741823509336
2018-10-18,0.26404058952432347,0.3124696204986642,0.4234897960415658
2018-10-17,0.22178245408054537,0.39449059733977687,0.3837269464603219
2018-10-16,0.2790632845629772,0.3228581982014114,0.3980785126300299
2018-10-15,0.1648458128404473,0.3309204350976694,0.5042337469245878
2018-10-14,0.09530335433643174,0.374897542582066,0.5297991141538929
2018-10-13,0.26401603863471085,0.3380084607957138,0.39797550936539966
2018-10-12,0.19947420725935794,0.3941808870022601,0.40634491247065524
2018-10-11,0.21064569233720631,0.3779753333104676,0.411378964524422
2018-10-10,0.19545670391630326,0.3374622335323869,0.4670810571301784
2018-10-09,0.2091270822909523,0.3201216489962134,0.47075127172054815
2018-10-08,0.1800963927130654,0.32054901128318514,0.49935460073065085
2018-10-07,0.13710942074518512,0.3791217188247376,0.4837688548421418
2018-10-06,0.2872963746388753,0.29803583522637683,0.4146677975853284
2018-10-05,0.13805440826399717,0.4369369157066103,0.4250086705433205
2018-10-04,0.16826100880280137,0.36732675252715125,0.46441223670262843
2018-10-03,0.3064173653058834,0.30602895162241944,0.3875536858656649
2018-10-02,0.308944178263432,0.2741380083888512,0.4169178210230994
2018-10-01,0.25098450230157904,0.33462731404654167,0.4143881833199227
2018-09-30,0.301664607768709,0.07063082639466632,0.6277045671912757
2018-09-29,0.0601425470970571,0.37655503809452057,0.5633024261146784
2018-09-28,0.17717797323440512,0.39059760425860685,0.43222442477941514
2018-09-27,0.21333892569926224,0.3479928946155205,0.4386681863678652
2018-09-26,0.2416972977058222,0.32171827723744184,0.43658443024917826
2018-09-25,0.21606346790397923,0.3763760837859341,0.4075604542380288
2018-09-24,0.22896309799768708,0.2674641303548759,0.5035727701065216
2018-09-23,0.24228437940644867,0.22830728964660973,0.5294083280707983
2018-09-22,0.039419899322092534,0.38894366547465326,0.5716364614665508
2018-09-21,0.1765859895477108,0.3121531569471985,0.5112608593943364
2018-09-20,0.19284177109495634,0.4156561683346,0.3915020669189592
2018-09-19,0.17732075049336685,0.33868724865428473,0.48399199207581706
2018-09-18,0.23304181869911111,0.3663638970693168,0.4005942959068478
2018-09-17,0.14084097011073027,0.4060069188781199,0.45315210398985073
2018-09-16,0.08546531920067289,0.2904652057384903,0.6240694797174497
2018-09-15,0.10767958697903415,0.38350071531275043,0.508819701473998
2018-09-14,0.2166757427131463,0.35976466785283073,0.42355959933545245
2018-09-13,0.16556136919780798,0.443601921373575,0.39083671573664724
2018-09-12,0.1706318948417902,0.34420854744274876,0.4851595578413155
2018-09-11,0.2759647228316787,0.2688145492198494,0.4552207294413272
2018-09-10,0.18559549174581966,0.3893621626344544,0.4250423360822929
2018-09-09,0.10034653861657716,0.3662836851726752,0.5333697746391408
2018-09-08,0.257165879321595,0.26389640429988503,0.47893769107759
2018-09-07,0.2251788093930199,0.3052694112180717,0.46955177436272305
2018-09-06,0.18241408353130664,0.35865699334610857,0.45892892741868574
2018-09-05,0.21312001571641304,0.31223928725133493,0.4746406920991528
2018-09-04,0.20957908012832588,0.3715309650135728,0.4188899599015713
2018-09-03,0.12450545958497307,0.4360610089744582,0.43943352280466846
2018-09-02,0.29722792841494083,0.2214633994312449,0.4813086603852836
2018-09-01,0.20169350845166123,0.3353993036927512,0.4629071814796099
2018-08-31,0.1959902453236282,0.31629354647124436,0.4877162111450487
2018-08-30,0.18924330405258974,0.44904817630802946,0.361708525834339
2018-08-29,0.2842705715447664,0.303098277350028,0.4126311538454432
2018-08-28,0.26452326651017827,0.35031357761293364,0.3851631549007904
2018-08-27,0.28675086411737627,0.31083552572395534,0.40241361833027295
2018-08-26,0.17581853284328072,0.3265690833537115,0.4976123897703709
2018-08-25,0.05397939526786407,0.5156438052654266,0.43037679232656956
2018-08-24,0.17934573118885358,0.4146037507336587,0.4060505158267915
2018-08-23,0.20204855177019324,0.4700374126234757,0.32791403430913174
2018-08-22,0.19210622057555213,0.3043666728698308,0.5035271017206093
2018-08-21,0.22156758999658954,0.3310003025560743,0.4474321159499663
2018-08-20,0.22910646504008925,0.3435267261289931,0.42736681156440987
2018-08-19,0.13260137476027012,0.034371159272268414,0.8330274671316147
2018-08-18,0.20986123921592598,0.35578182349791343,0.4343569565402425
2018-08-17,0.2095560225037237,0.3442214367767939,0.44622253980009985
2018-08-16,0.2829781206613728,0.23986717201929925,0.47715471132562076
2018-08-15,0.2084907919387607,0.37809245180996026,0.4134167579605299
2018-08-14,0.23932034358129664,0.2694755890643445,0.4912040637079942
2018-08-13,0.14199768350917405,0.43084494731688905,0.4271573662694733
2018-08-12,0.08842474590986966,0.36560870725661515,0.5459665458649396
2018-08-11,0.11275966558605433,0.18326542200520635,0.7039749175310135
2018-08-10,0.11523020132539832,0.46117557615649946,0.42359423502443394
2018-08-09,0.17484315293154024,0.4195005659807901,0.4056562790341797
2018-08-08,0.21277483579653658,0.34958300297148526,0.4376421475684957
2018-08-07,0.23016362839067975,0.26432174411743425,0.5055146336160374
2018-08-06,0.23201619898426837,0.4101607536391939,0.3578230402100894
2018-08-05,0.1894165201485157,0.30133814137429,0.5092453268170357
2018-08-04,0.24683420755900443,0.32888965045900215,0.42427613779104184
2018-08-03,0.2561892734792752,0.3393685869060648,0.4044421259313822
2018-08-02,0.27251109114426764,0.3411381637477981,0.38635075132229496
2018-08-01,0.21250538006783104,0.35588276110446226,0.43161185877397656
2018-07-31,0.21495065004366667,0.3771694748850658,0.4078798768843742
2018-07-30,0.24119553959660106,0.25044614452300434,0.5083583188637838
2018-07-29,0.4441870182752609,0.39392091035842897,0.16189203262329102
2018-07-28,0.23712554065111494,0.4097959480714053,0.35307851267446366
2018-07-27,0.2526607542775225,0.4233837157574504,0.32395553554213324
2018-07-26,0.2167851870134473,0.4462100744744142,0.33700473758081595
2018-07-25,0.24864054967254173,0.39758805130523717,0.3537714054638689
2018-07-24,0.21324328716132748,0.37155050376241794,0.4152062217380558
2018-07-23,0.24894003028949274,0.3844250664114952,0.36663490880666105
2018-07-22,0.17279101198073477,0.4904026637086645,0.33680636156350374
2018-07-21,0.14874363266041174,0.32270714284523444,0.528549223261721
2018-07-20,0.18494525644928217,0.3389865652082817,0.47606819418861585
2018-07-19,0.2004678342214758,0.4139772573310771,0.38555491409531917
2018-07-18,0.25246514779116425,0.2968490512857398,0.4506858041776078
2018-07-17,0.24386290013361936,0.34763875548545825,0.4084983441079485
2018-07-16,0.34628223261626606,0.30236104217527265,0.3513567229224877
2018-07-15,0.2739529325203462,0.05563084476373412,0.670416222377257
2018-07-14,0.03592355363070965,0.2956630364060402,0.6684134155511856
2018-07-13,0.17620172703220527,0.40173279832364345,0.4220654760791483
2018-07-12,0.27123734532700233,0.314116531292287,0.41464611686145264
2018-07-11,0.2516184243486842,0.3742379146074322,0.3741436663612321
2018-07-10,0.3160873508806956,0.31130305147272047,0.37260960538129684
2018-07-09,0.25616625131982745,0.33395737124550523,0.4098763714516253
2018-07-08,0.14248497318476439,0.23498673963805902,0.6225282956400643
2018-07-07,0.08664815924647781,0.4625542362531026,0.45079757790598607
2018-07-06,0.20458774775210203,0.3935628338632258,0.4018494163809175
2018-07-05,0.17257583973696455,0.42498705357138533,0.4024370956176426
2018-07-04,0.2089101089600553,0.41175916520482364,0.37933072570632115
2018-07-03,0.20803070151513176,0.39641597845392035,0.3955533235067768
2018-07-02,0.2248142460361123,0.3878884258493781,0.38729733663300675
2018-07-01,0.22272218844542901,0.27811566575740776,0.4991621154050032
2018-06-30,0.16374771238770336,0.3317885862197727,0.5044636984821409
2018-06-29,0.2515422226027099,0.3401991890659973,0.40825859661589364
2018-06-28,0.2037102011351013,0.3663598482778884,0.4299299517450364
2018-06-27,0.11242581540097793,0.5496732598418991,0.3379009266321858
2018-06-26,0.18552350192883257,0.4183108008829719,0.39616570564902437
2018-06-25,0.16656449652989122,0.341272720234359,0.49216278074857067
2018-06-24,0.12625792350068135,0.45597246989469836,0.41776960957105513
2018-06-23,0.08162359660491347,0.4116960782557726,0.5066803693771362
2018-06-22,0.21045731321450264,0.41029851734342554,0.3792441680376965
2018-06-21,0.20200446427245683,0.3807767509376701,0.41721877519371386
2018-06-20,0.25365410321505694,0.3228889047168195,0.42345699415792054
2018-06-19,0.1738271887693554,0.3828644902072847,0.4433083317615092
2018-06-18,0.18326436309838917,0.3078570417893022,0.5088785982954858
2018-06-17,0.11221455456689,0.4660138820375626,0.4217715719714761
2018-06-16,0.22494111924121776,0.4541359544835157,0.32092292855183285
2018-06-15,0.18759043624843744,0.34773551583947504,0.4646740492214175
2018-06-14,0.20327571678095527,0.4015175917621462,0.3952066832252087
2018-06-13,0.22058301009476566,0.3587539171656737,0.4206630669844647
2018-06-12,0.1591901509287326,0.41091868553898836,0.42989115896389674
2018-06-11,0.23465085268345853,0.39913486921420643,0.36621428142109563
2018-06-10,0.165602421928798,0.3938305126202683,0.4405670638286298
2018-06-09,0.16515468237921596,0.3331403606571257,0.501704972051084
2018-06-08,0.1898614083789289,0.36510913090159497,0.4450294535358747
2018-06-07,0.14040709231048823,0.41166415526776723,0.4479287532403281
2018-06-06,0.2360138527241846,0.34809105257814127,0.4158950982366999
2018-06-05,0.2264280247368983,0.3223887894955742,0.4511831866504697
2018-06-04,0.1521837626317782,0.3753395064334784,0.4724767289168778
2018-06-03,0.2372578451115834,0.3572442044356936,0.4054979581974055
2018-06-02,0.2680484497298797,0.17616742140510017,0.5557841308828857
2018-06-01,0.16409598672847955,0.46133735935297715,0.37456665849398585
2018-05-31,0.16214305585315233,0.36759501564056546,0.470261933910119
2018-05-30,0.20020900455907592,0.3461347506570353,0.4536562525491054
2018-05-29,0.16564535306745462,0.328100454242138,0.5062541955743324
2018-05-28,0.21928339673636052,0.4497096094374473,0.3310069860174106
2018-05-27,0.12944103992576228,0.28410562073233825,0.5864533451225223
2018-05-26,0.2914869752712548,0.3783797442447394,0.3301332537084818
2018-05-25,0.13301147421668857,0.43270383921949424,0.43428468428654216
2018-05-24,0.17922867014287755,0.36762164147475207,0.45314969399418586
2018-05-23,0.2186602703228161,0.3577384310572044,0.4236013028986644
2018-05-22,0.1823500481620431,0.34826665834213294,0.46938329813381036
2018-05-21,0.1737631883698742,0.3513480880725625,0.4748887233184399
2018-05-20,0.34032924905080686,0.3097707540304823,0.34990001198920334
2018-05-19,0.1983770557368795,0.30204939205820364,0.49957355422278243
2018-05-18,0.21055335336503514,0.3831561307541709,0.40629051175919617
2018-05-17,0.22549355250146044,0.24924245979636908,0.5252639896775547
2018-05-16,0.1809292028404095,0.3259354808527713,0.4931353177555432
2018-05-15,0.1833888452595354,0.3715852768509649,0.4450258775825866
2018-05-14,0.27367265061253593,0.25376879055762575,0.4725585602268222
2018-05-13,0.03344410859669248,0.6791960163973272,0.2873598573108514
2018-05-12,0.07571679271327761,0.4927251741576653,0.4315580368901675
2018-05-11,0.26934983011222247,0.2766475551197249,0.45400261571348616
2018-05-10,0.2031894432802801,0.4189050486602355,0.37790550614590757
2018-05-09,0.2573476595882799,0.3210238182497486,0.42162852618895785
2018-05-08,0.1846333333135893,0.3703095383567011,0.44505712850433254
2018-05-07,0.16722364649176596,0.31109720952808856,0.5216791471466422
2018-05-06,0.23025734387338162,0.21045732572674752,0.5592853407065074
2018-05-05,0.22596375944891145,0.36382807304284404,0.41020815947226114
2018-05-04,0.21037335704479898,0.36985014829385493,0.4197764911555818
2018-05-03,0.19632399176665838,0.4604097730682596,0.3432662383369777
2018-05-02,0.18061598472232962,0.3582914024029441,0.4610926153716342
2018-05-01,0.22795663209867545,0.3331229164661176,0.4389204550534487
2018-04-30,0.2121852901764214,0.3726007949478705,0.41521392296999693
2018-04-29,0.1406640626490116,0.19125286377966405,0.6680830914527178
2018-04-28,0.14508155416007396,0.5085161198275508,0.34640231466403715
2018-04-27,0.26904208362376425,0.3656821660902899,0.36527575259370837
2018-04-26,0.22366893883528455,0.3590862840314263,0.41724477408986005
2018-04-25,0.26838135370744926,0.34449469039013775,0.38712396037460556
2018-04-24,0.2555028555719297,0.30259711435064673,0.44190003097425273
2018-04-23,0.21631335482121475,0.348869344857972,0.43481730747847785
2018-04-22,0.11123876994741815,0.4151800339509334,0.4735812032861369
2018-04-21,0.10897272838545698,0.4672561412943261,0.42377111102853504
2018-04-20,0.20248714722692968,0.33069331937585955,0.46681952162180096
2018-04-19,0.23153586636067597,0.33233420478252623,0.4361299302598292
2018-04-18,0.1533373447711624,0.4253731911100211,0.42128947448162807
2018-04-17,0.2514215183542355,0.39828412329140855,0.35029435826857624
2018-04-16,0.18870476222180418,0.31691946251023756,0.49437577664656074
2018-04-15,0.16004372199342862,0.3721870124793133,0.467769253545919
2018-04-14,0.3567279010312632,0.3492682846263051,0.2940038200467825
2018-04-13,0.12932009577218975,0.4266581392314817,0.4440217634263848
2018-04-12,0.2508687225605051,0.2003395876660943,0.5487916900217533
2018-04-11,0.2029246939746763,0.3004641691222787,0.4966111335582951
2018-04-10,0.24170450479723513,0.2969470575172454,0.46134844176471235
2018-04-09,0.1842894501666107,0.32440960016555903,0.49130094975869104
2018-04-08,0.2540472136725756,0.21650191032412378,0.5294508632611145
2018-04-07,0.29073464684188366,0.39376755356788634,0.3154977854341269
2018-04-06,0.20360611375697232,0.407443844391332,0.3889500473016574
2018-04-05,0.19841334311436717,0.3390633384515713,0.46252332112522093
2018-04-04,0.21430749310485014,0.3740879624383524,0.41160454327025664
2018-04-03,0.23279077741258505,0.30724869385550296,0.45996053090106837
2018-04-02,0.17224236955013822,0.44440317862682926,0.3833544571584059
2018-04-01,0.07567876065149903,0.7027612924575806,0.22155997343361378
2018-03-31,0.058813749626278874,0.24277124796062707,0.6984149783849716
2018-03-30,0.2125862830250365,0.3487723680531106,0.4386413540781998
2018-03-29,0.14983618672353677,0.34762405909889615,0.502539752702038
2018-03-28,0.22416305935886852,0.265689014588647,0.5101479169200448
2018-03-27,0.19662585963719878,0.3279733640602094,0.47540077402245723
2018-03-26,0.20567649070871993,0.3470135857118294,0.4473099266178906
2018-03-25,0.17387650576175043,0.30532194843123617,0.5208015495568121
2018-03-24,0.1274028310382908,0.3361030653627081,0.5364941219714555
2018-03-23,0.2212062241933957,0.36598063819110394,0.41281314102249056
2018-03-22,0.19376636194065214,0.35695071337278933,0.44928292186930774
2018-03-21,0.176286020359003,0.3261013105083471,0.497612666873925
2018-03-20,0.18684166278920056,0.3468833399798583,0.4662749994960096
2018-03-19,0.1936509566967962,0.2839560253821589,0.522393015799699
2018-03-16,0.1443254887484587,0.38647176425617474,0.4692027623263689
2018-03-15,0.10932648195712655,0.3030275837690742,0.5876459228219809
2018-03-14,0.1445224568992853,0.28209261361509563,0.5733849290758372
2018-03-13,0.14160727685236413,0.34827788109364716,0.5101148399078975
2018-03-12,0.21533425876663792,0.3654705927948709,0.41919514164328575
2018-03-09,0.1823622462236219,0.4302718044155174,0.38736596066090795
2018-03-08,0.15571462459862231,0.4633237650990486,0.3809616119414568
2018-03-07,0.1385084165376611,0.3382401416699092,0.5232514389014492
2018-03-06,0.10760916505629818,0.4587217532874395,0.43366908305324614
2018-03-05,0.15061942828246033,0.27503067717099416,0.5743499002777613
2018-03-02,0.16860878557110062,0.2904377134803396,0.5409535015933216
2018-03-01,0.16307848253873763,0.3521204262419983,0.4848010800778866
2018-02-28,0.13280526172645665,0.2713526036176417,0.5958421281366436
2018-02-27,0.19416173949758422,0.3597582988837298,0.4460799536925364
2018-02-26,0.17033724310911363,0.2743520013367136,0.5553107466548681
2018-02-22,0.08557764935965945,0.5771829387082196,0.33723942621997216
2018-02-21,0.15880573549024438,0.39214856060140807,0.4490456954454598
2018-02-19,0.16117833829598455,0.399003901359875,0.43981776668167694
2018-02-15,0.7034201622009277,0.14976097643375397,0.14681892096996307
2018-02-14,0.2185518708567889,0.42661079491621684,0.35483733883925844
2018-02-12,0.12516786189128956,0.34826627245084163,0.5265658682744417
2018-02-09,0.0844414658910994,0.45670569724669413,0.4588528346669461
2018-02-08,0.17149791676395884,0.39258331574577215,0.43591876425004256
2018-02-07,0.18984176059839902,0.4593542222347524,0.3508040183396251
2018-02-06,0.1358098199077863,0.4099897915611462,0.45420038312369465
2018-02-05,0.05588389388643778,0.42660034046723294,0.5175157624225204
2018-02-02,0.22480100989341736,0.21318325251340867,0.5620157301425934
2018-02-01,0.19037252818436726,0.3360589450103757,0.4735685366651286
2018-01-31,0.15175701992120594,0.28427837005195516,0.5639646214743456
2018-01-30,0.22311256130536397,0.31014603341205255,0.46674141440954475
2018-01-29,0.14384951458537373,0.40034701113171617,0.4558034662542672
2018-01-26,0.16260861093178391,0.39486658617600123,0.44252481387758796
2018-01-24,0.1261901999823749,0.2837810119986534,0.590028787329793
2018-01-23,0.21922635228332618,0.3199594644424708,0.46081417511500744
2018-01-22,0.12165419964326753,0.24998702267529788,0.6283587867876997
2018-01-19,0.21326002890530688,0.23094064767400807,0.5557993282205783
2018-01-20,0.09660302102565765,0.013122288510203362,0.890274703502655
2018-01-18,0.18700401357180158,0.31565315821099765,0.49734282216360404
2018-01-17,0.12060628777576818,0.4148176221590903,0.4645760919484827
2018-01-16,0.11086233721839057,0.37969005855007304,0.5094475998439723
2018-01-12,0.21275989757850766,0.3703818806232168,0.4168582109806056
2018-01-11,0.19333868108689786,0.3481783954799175,0.45848291128873825
2018-01-10,0.22286082263631019,0.3838156367571134,0.3933235432790673
2018-01-09,0.1018992131575942,0.5242746701091527,0.37382612109184266
2018-01-08,0.20759842380021626,0.36081255932983297,0.4315890171206914
2018-01-05,0.2957371495431289,0.20042818956426345,0.5038346701185219
2018-01-04,0.21652623707497562,0.4643633789210408,0.3191103800027459
2018-01-03,0.34991046965408784,0.217043492405747,0.4330460319582086
2018-01-02,0.1990238088183105,0.3861881227887891,0.4147880855533812
2017-12-27,0.17265302681231073,0.35973967647268656,0.46760730498603414
2017-12-26,0.020854415372014046,0.702162504196167,0.2769830822944641
2017-12-22,0.18842728162670266,0.29786582677827583,0.5137068981952642
2023-07-18,0.15507876458577813,0.3351244635414332,0.5097967631183564
2023-04-18,0.17266359711065887,0.24889402561821045,0.5784423861652612
2018-03-18,0.1243207069579512,0.19270192189142107,0.6829773526638746
2018-03-11,0.16671946654096245,0.2398106840904802,0.5934698473662138
2018-03-04,0.05107393362559378,0.4144893412478268,0.5344367252662778
2018-03-03,0.2009404781740159,0.3004007033072412,0.4986588193103671
2018-02-25,0.09171523705590516,0.4590796974953264,0.4492050620727241
2018-02-23,0.12132757795043289,0.2770701921544969,0.6016022259369492
2018-02-20,0.1621317767072469,0.4613816461060196,0.37648656526580454
2018-02-16,0.10483063319697976,0.4295631484361365,0.46560621773824096
2018-02-10,0.13100982813630252,0.21417275466956198,0.6548174129799008
2018-02-04,0.14548594858497382,0.1828496741130948,0.6716643862426281
2018-02-03,0.17218873323872685,0.42361695896834134,0.4041943125426769
2018-01-28,0.09636192414909601,0.23396499264054,0.6696730885654688
2018-01-25,0.23475155625492333,0.2848996504675597,0.4803487996570766
2018-01-21,0.0494484081864357,0.33387445332482457,0.6166771369054913
2018-01-15,0.2080106905195862,0.3361192712793127,0.4558700308203697
2018-01-14,0.07398224668577313,0.5581750908866525,0.36784266130998733
2018-01-06,0.2979800471337512,0.29777871901169417,0.40424122316762806
2017-12-31,0.17001800746656953,0.3584879729896784,0.47149400049820545
2017-12-30,0.17172941653989254,0.27354923281818627,0.5547213561832904
2017-12-28,0.1933869038708508,0.3237369125243276,0.48287618001922966
2017-12-25,0.1734629267361015,0.3277290355414152,0.49880804754793645
2017-12-21,0.09442722047679127,0.39680565940216184,0.5087671332992614
2017-12-20,0.15350030877161772,0.40859001339413226,0.4379096725955606
2017-12-19,0.09856631625443697,0.4101478869561106,0.49128579143434764
2017-12-18,0.13495040682610124,0.427190066408366,0.43785951770842074
2017-12-17,0.17427412369288503,0.2873078767675906,0.5384179960004986
